-- phpMyAdmin SQL Dump
-- version 5.2.1
-- https://www.phpmyadmin.net/
--
-- Servidor: 127.0.0.1
-- Tiempo de generaci贸n: 25-07-2024 a las 22:23:49
-- Versi贸n del servidor: 10.4.32-MariaDB
-- Versi贸n de PHP: 8.2.12

SET SQL_MODE = "NO_AUTO_VALUE_ON_ZERO";
START TRANSACTION;
SET time_zone = "+00:00";


/*!40101 SET @OLD_CHARACTER_SET_CLIENT=@@CHARACTER_SET_CLIENT */;
/*!40101 SET @OLD_CHARACTER_SET_RESULTS=@@CHARACTER_SET_RESULTS */;
/*!40101 SET @OLD_COLLATION_CONNECTION=@@COLLATION_CONNECTION */;
/*!40101 SET NAMES utf8mb4 */;

--
-- Base de datos: `hhhcafe`
--

-- --------------------------------------------------------

--
-- Estructura de tabla para la tabla `carrusel`
--

CREATE TABLE `carrusel` (
  `idcarrusel` bigint(20) NOT NULL,
  `nombre` varchar(255) NOT NULL,
  `descripcion` text NOT NULL,
  `portada` varchar(100) NOT NULL,
  `datecreated` datetime NOT NULL DEFAULT current_timestamp(),
  `ruta` varchar(255) NOT NULL,
  `status` int(11) NOT NULL DEFAULT 1
) ENGINE=InnoDB DEFAULT CHARSET=utf8mb4 COLLATE=utf8mb4_bin;

--
-- Volcado de datos para la tabla `carrusel`
--

INSERT INTO `carrusel` (`idcarrusel`, `nombre`, `descripcion`, `portada`, `datecreated`, `ruta`, `status`) VALUES
(1, 'Carrusel 1', 'Descripci贸n del carrusel 1', 'img_44d2620e4a3faa642aa6b65c52ad0017.jpg', '2024-07-15 17:32:35', '', 1),
(2, 'Carrusel 2', 'Descripci贸n del carrusel 2', 'img_fee48e26427c2285b6e4101a76f0a7be.jpg', '2024-07-15 17:33:59', '', 1),
(3, 'Carrusel 3', 'Descripci贸n del carrusel 3', 'img_6d7c3bfe047fa925aba79187c198586c.jpg', '2024-07-15 17:36:14', '', 1),
(4, 'Problemas', 'Problemas', 'img_26794c6ab154b7f0134be8ae2bbc5593.jpg', '2024-07-22 17:46:07', '', 1),
(5, 'Oportunidades', 'Oportunidades', 'img_fad4351fee6b6528746ba3bc81551b35.jpg', '2024-07-22 17:46:18', '', 1),
(6, 'Proyecci贸n Ventas', 'Proyecci贸n Ventas', 'img_b874826dbdc8acc30223d51b8ed37f02.jpg', '2024-07-23 09:52:52', '', 1),
(7, 'Impacto Socio y Ambiental', 'Impacto Socio y Ambiental', 'img_baa7921f5494ac7f03dd2ead4c8a91a3.jpg', '2024-07-23 09:53:15', '', 1);

-- --------------------------------------------------------

--
-- Estructura de tabla para la tabla `contacto`
--

CREATE TABLE `contacto` (
  `id` bigint(20) NOT NULL,
  `nombre` varchar(200) NOT NULL,
  `email` varchar(200) NOT NULL,
  `mensaje` text NOT NULL,
  `ip` varchar(15) NOT NULL,
  `dispositivo` varchar(25) NOT NULL,
  `useragent` text NOT NULL,
  `datecreated` datetime NOT NULL DEFAULT current_timestamp()
) ENGINE=InnoDB DEFAULT CHARSET=utf8mb4 COLLATE=utf8mb4_bin;

--
-- Volcado de datos para la tabla `contacto`
--

INSERT INTO `contacto` (`id`, `nombre`, `email`, `mensaje`, `ip`, `dispositivo`, `useragent`, `datecreated`) VALUES
(1, 'Alvaro', 'alvaro@gmail.com', 'la pregunta es...', '127.0.0.1', 'PC', 'Mozilla/5.0 (Windows NT 10.0; Win64; x64; rv:128.0) Gecko/20100101 Firefox/128.0', '2024-07-25 13:18:54'),
(2, 'Alvaro', 'alvaro@gmail.com', 'la pregunta es....', '127.0.0.1', 'PC', 'Mozilla/5.0 (Windows NT 10.0; Win64; x64; rv:128.0) Gecko/20100101 Firefox/128.0', '2024-07-25 13:23:20'),
(3, 'Juan', 'juan@gmail.com', 'pregunta!', '127.0.0.1', 'PC', 'Mozilla/5.0 (Windows NT 10.0; Win64; x64; rv:128.0) Gecko/20100101 Firefox/128.0', '2024-07-25 13:28:57');

-- --------------------------------------------------------

--
-- Estructura de tabla para la tabla `imagen`
--

CREATE TABLE `imagen` (
  `id` bigint(20) NOT NULL,
  `productoid` bigint(20) NOT NULL,
  `img` varchar(100) NOT NULL
) ENGINE=InnoDB DEFAULT CHARSET=utf8mb4 COLLATE=utf8mb4_bin;

--
-- Volcado de datos para la tabla `imagen`
--

INSERT INTO `imagen` (`id`, `productoid`, `img`) VALUES
(1, 1, 'pro_73bc8091aa7d63890aa753aaac874644.jpg'),
(2, 1, 'pro_ff7b02f4a307dc01012f75e8770837f9.jpg'),
(3, 1, 'pro_16a842ba60316ac6a123f29147f16afb.jpg');

-- --------------------------------------------------------

--
-- Estructura de tabla para la tabla `modulo`
--

CREATE TABLE `modulo` (
  `idmodulo` bigint(20) NOT NULL,
  `titulo` varchar(50) NOT NULL,
  `descripcion` text NOT NULL,
  `status` int(11) NOT NULL DEFAULT 1
) ENGINE=InnoDB DEFAULT CHARSET=utf8mb4 COLLATE=utf8mb4_bin;

--
-- Volcado de datos para la tabla `modulo`
--

INSERT INTO `modulo` (`idmodulo`, `titulo`, `descripcion`, `status`) VALUES
(1, 'Dashboard', 'dashboard', 1),
(2, 'Usuarios', 'usuarios del sistema', 1),
(3, 'Clientes', 'Clientes de tienda', 1),
(4, 'Carrusel', 'Editar el Carrusel de la P谩gina de Inicio', 1),
(5, 'Productos', 'descripci贸n del producto', 1),
(6, 'Contactos', 'contactos', 1);

-- --------------------------------------------------------

--
-- Estructura de tabla para la tabla `permisos`
--

CREATE TABLE `permisos` (
  `idpermiso` bigint(20) NOT NULL,
  `rolid` bigint(20) NOT NULL,
  `moduloid` bigint(20) NOT NULL,
  `r` int(11) NOT NULL DEFAULT 0,
  `w` int(11) NOT NULL DEFAULT 0,
  `u` int(11) NOT NULL DEFAULT 0,
  `d` int(11) NOT NULL DEFAULT 0
) ENGINE=InnoDB DEFAULT CHARSET=utf8mb4 COLLATE=utf8mb4_bin;

--
-- Volcado de datos para la tabla `permisos`
--

INSERT INTO `permisos` (`idpermiso`, `rolid`, `moduloid`, `r`, `w`, `u`, `d`) VALUES
(15, 3, 1, 0, 0, 0, 0),
(16, 3, 2, 0, 0, 0, 0),
(17, 3, 3, 1, 0, 0, 0),
(21, 2, 1, 1, 0, 0, 0),
(22, 2, 2, 1, 0, 0, 0),
(23, 2, 3, 1, 0, 0, 0),
(41, 1, 1, 1, 1, 1, 1),
(42, 1, 2, 1, 1, 1, 1),
(43, 1, 3, 1, 1, 1, 1),
(44, 1, 4, 1, 1, 1, 1),
(45, 1, 5, 1, 1, 1, 1),
(46, 1, 6, 1, 1, 1, 1);

-- --------------------------------------------------------

--
-- Estructura de tabla para la tabla `producto`
--

CREATE TABLE `producto` (
  `idproducto` bigint(20) NOT NULL,
  `codigo` varchar(30) NOT NULL,
  `nombre` varchar(255) NOT NULL,
  `descripcion` text NOT NULL,
  `precio` decimal(11,2) NOT NULL,
  `stock` int(11) NOT NULL,
  `imagen` varchar(100) NOT NULL,
  `fecha_creada` datetime NOT NULL DEFAULT current_timestamp(),
  `ruta` varchar(255) NOT NULL,
  `status` int(11) NOT NULL DEFAULT 1
) ENGINE=InnoDB DEFAULT CHARSET=utf8mb4 COLLATE=utf8mb4_bin;

--
-- Volcado de datos para la tabla `producto`
--

INSERT INTO `producto` (`idproducto`, `codigo`, `nombre`, `descripcion`, `precio`, `stock`, `imagen`, `fecha_creada`, `ruta`, `status`) VALUES
(1, '123123123', 'Caf茅', '<p>Homenaje a la Herencia Huanuque&ntilde;a</p> <ul> <li>algunos datos</li> </ul> <table style=\"border-collapse: collapse; width: 40.634%; height: 44px;\" border=\"1\"> <tbody> <tr style=\"height: 22px;\"> <td style=\"width: 48.0115%; height: 22px;\">precio</td> <td style=\"width: 48.0115%; height: 22px;\">S/ -</td> </tr> <tr style=\"height: 22px;\"> <td style=\"width: 48.0115%; height: 22px;\">kg</td> <td style=\"width: 48.0115%; height: 22px;\">.kg</td> </tr> </tbody> </table>', 100.00, 13, '', '2024-07-17 08:52:02', '', 1);

-- --------------------------------------------------------

--
-- Estructura de tabla para la tabla `rol`
--

CREATE TABLE `rol` (
  `idrol` bigint(20) NOT NULL,
  `nombrerol` varchar(50) NOT NULL,
  `descripcion` text NOT NULL,
  `status` int(11) NOT NULL DEFAULT 1
) ENGINE=InnoDB DEFAULT CHARSET=utf8mb4 COLLATE=utf8mb4_bin;

--
-- Volcado de datos para la tabla `rol`
--

INSERT INTO `rol` (`idrol`, `nombrerol`, `descripcion`, `status`) VALUES
(1, 'Administrador', 'Todas las Acciones de la parte Administrativa', 1),
(2, 'Supervisor', 'Supervisar Mensajes, pedidos, etc', 1),
(3, 'Cliente', 'Acceso como Cliente', 1);

-- --------------------------------------------------------

--
-- Estructura de tabla para la tabla `usuarios`
--

CREATE TABLE `usuarios` (
  `idusuario` bigint(20) NOT NULL,
  `identificacion` varchar(30) DEFAULT NULL,
  `nombres` varchar(80) NOT NULL,
  `apellidos` varchar(100) NOT NULL,
  `telefono` bigint(20) NOT NULL,
  `correo_usuario` varchar(100) NOT NULL,
  `contrase帽a` varchar(75) NOT NULL,
  `nombrefiscal` varchar(80) DEFAULT NULL,
  `direccionfiscal` varchar(100) DEFAULT NULL,
  `token` varchar(100) DEFAULT NULL,
  `rolid` bigint(20) NOT NULL,
  `fecha_creada` datetime NOT NULL DEFAULT current_timestamp(),
  `status` int(11) NOT NULL DEFAULT 1
) ENGINE=InnoDB DEFAULT CHARSET=utf8mb4 COLLATE=utf8mb4_bin;

--
-- Volcado de datos para la tabla `usuarios`
--

INSERT INTO `usuarios` (`idusuario`, `identificacion`, `nombres`, `apellidos`, `telefono`, `correo_usuario`, `contrase帽a`, `nombrefiscal`, `direccionfiscal`, `token`, `rolid`, `fecha_creada`, `status`) VALUES
(1, '77332949', 'Alvaro', 'Rea', 988411941, 'alvaro@gmail.com', '5994471abb01112afcc18159f6cc74b4f511b99806da59b3caf5a9c173cacfc5', NULL, NULL, NULL, 1, '2024-07-13 22:42:51', 1),
(2, '21412321321', 'Juan', 'Lavado', 91248124, 'juan@gmail.com', '5994471abb01112afcc18159f6cc74b4f511b99806da59b3caf5a9c173cacfc5', NULL, NULL, NULL, 3, '2024-07-13 22:47:34', 1),
(3, '41832945', 'Jose', 'Huaman', 986234123, 'jose@gmail.com', '5994471abb01112afcc18159f6cc74b4f511b99806da59b3caf5a9c173cacfc5', NULL, NULL, NULL, 3, '2024-07-14 14:02:09', 1),
(7, '85467329', 'Aleen', 'Betancourt', 986352105, 'aleen@gmail.com', '5994471abb01112afcc18159f6cc74b4f511b99806da59b3caf5a9c173cacfc5', 'Aleen', 'jr.daniel alcides', NULL, 3, '2024-07-14 14:36:37', 1),
(8, '41832940', 'Israel', 'Garcia', 973267103, 'israel@gmail.com', '5994471abb01112afcc18159f6cc74b4f511b99806da59b3caf5a9c173cacfc5', 'isra', 'dgjjjwegweg', NULL, 3, '2024-07-14 14:37:52', 1);

--
-- ndices para tablas volcadas
--

--
-- Indices de la tabla `carrusel`
--
ALTER TABLE `carrusel`
  ADD PRIMARY KEY (`idcarrusel`);

--
-- Indices de la tabla `contacto`
--
ALTER TABLE `contacto`
  ADD PRIMARY KEY (`id`);

--
-- Indices de la tabla `imagen`
--
ALTER TABLE `imagen`
  ADD PRIMARY KEY (`id`),
  ADD KEY `productoid` (`productoid`);

--
-- Indices de la tabla `modulo`
--
ALTER TABLE `modulo`
  ADD PRIMARY KEY (`idmodulo`);

--
-- Indices de la tabla `permisos`
--
ALTER TABLE `permisos`
  ADD PRIMARY KEY (`idpermiso`),
  ADD KEY `moduloid` (`moduloid`) USING BTREE,
  ADD KEY `rolid` (`rolid`) USING BTREE;

--
-- Indices de la tabla `producto`
--
ALTER TABLE `producto`
  ADD PRIMARY KEY (`idproducto`);

--
-- Indices de la tabla `rol`
--
ALTER TABLE `rol`
  ADD PRIMARY KEY (`idrol`);

--
-- Indices de la tabla `usuarios`
--
ALTER TABLE `usuarios`
  ADD PRIMARY KEY (`idusuario`),
  ADD KEY `rolid` (`rolid`) USING BTREE;

--
-- AUTO_INCREMENT de las tablas volcadas
--

--
-- AUTO_INCREMENT de la tabla `carrusel`
--
ALTER TABLE `carrusel`
  MODIFY `idcarrusel` bigint(20) NOT NULL AUTO_INCREMENT, AUTO_INCREMENT=8;

--
-- AUTO_INCREMENT de la tabla `contacto`
--
ALTER TABLE `contacto`
  MODIFY `id` bigint(20) NOT NULL AUTO_INCREMENT, AUTO_INCREMENT=4;

--
-- AUTO_INCREMENT de la tabla `imagen`
--
ALTER TABLE `imagen`
  MODIFY `id` bigint(20) NOT NULL AUTO_INCREMENT, AUTO_INCREMENT=4;

--
-- AUTO_INCREMENT de la tabla `modulo`
--
ALTER TABLE `modulo`
  MODIFY `idmodulo` bigint(20) NOT NULL AUTO_INCREMENT, AUTO_INCREMENT=7;

--
-- AUTO_INCREMENT de la tabla `permisos`
--
ALTER TABLE `permisos`
  MODIFY `idpermiso` bigint(20) NOT NULL AUTO_INCREMENT, AUTO_INCREMENT=47;

--
-- AUTO_INCREMENT de la tabla `producto`
--
ALTER TABLE `producto`
  MODIFY `idproducto` bigint(20) NOT NULL AUTO_INCREMENT, AUTO_INCREMENT=2;

--
-- AUTO_INCREMENT de la tabla `rol`
--
ALTER TABLE `rol`
  MODIFY `idrol` bigint(20) NOT NULL AUTO_INCREMENT, AUTO_INCREMENT=4;

--
-- AUTO_INCREMENT de la tabla `usuarios`
--
ALTER TABLE `usuarios`
  MODIFY `idusuario` bigint(20) NOT NULL AUTO_INCREMENT, AUTO_INCREMENT=13;

--
-- Restricciones para tablas volcadas
--

--
-- Filtros para la tabla `imagen`
--
ALTER TABLE `imagen`
  ADD CONSTRAINT `imagen_ibfk_1` FOREIGN KEY (`productoid`) REFERENCES `producto` (`idproducto`) ON DELETE CASCADE ON UPDATE CASCADE;

--
-- Filtros para la tabla `permisos`
--
ALTER TABLE `permisos`
  ADD CONSTRAINT `permisos_ibfk_1` FOREIGN KEY (`moduloid`) REFERENCES `modulo` (`idmodulo`) ON DELETE CASCADE ON UPDATE CASCADE,
  ADD CONSTRAINT `permisos_ibfk_2` FOREIGN KEY (`rolid`) REFERENCES `rol` (`idrol`) ON DELETE CASCADE ON UPDATE CASCADE;

--
-- Filtros para la tabla `usuarios`
--
ALTER TABLE `usuarios`
  ADD CONSTRAINT `usuarios_ibfk_1` FOREIGN KEY (`rolid`) REFERENCES `rol` (`idrol`) ON DELETE CASCADE ON UPDATE CASCADE;
COMMIT;

/*!40101 SET CHARACTER_SET_CLIENT=@OLD_CHARACTER_SET_CLIENT */;
/*!40101 SET CHARACTER_SET_RESULTS=@OLD_CHARACTER_SET_RESULTS */;
/*!40101 SET COLLATION_CONNECTION=@OLD_COLLATION_CONNECTION */;
